id,user_id,trim_id,vin,estimated_cost,registration_date
1,4,218,1GYS3NKJ8FR829982,372212,2016-02-06 03:34:38
2,338,584,3FADP4AJ8FM788565,281474,2016-02-09 20:34:40
3,218,973,JH4KA96663C226924,225964,2021-02-16 01:44:19
4,431,919,1G6DM1E38D0160117,470744,2016-05-12 16:42:41
5,143,339,4T1BF3EK0AU600039,84942,2015-06-19 08:47:01
6,762,525,WAUDF98E58A404368,369574,2016-05-31 17:26:04
7,587,653,JHMZF1C61DS083569,493543,2017-05-14 13:04:45
8,123,466,2T1BU4EE3DC453095,168261,2016-03-22 21:55:07
9,782,189,WBAVB33586A597780,148649,2017-06-27 11:58:33
10,76,311,3VW517AT5EM297997,149296,2016-10-21 20:16:02
11,324,943,3N1AB6AP5BL137831,202198,2021-05-12 03:00:09
12,936,128,WAUMF98K39A987708,290878,2015-10-21 17:17:54
13,212,241,5NPDH4AE5FH041523,462448,2017-11-15 09:01:52
14,365,893,JN1CV6AP2BM595302,441089,2020-11-27 15:42:23
15,713,170,5N1AL0MM3DC387300,135595,2016-01-17 06:12:26
16,599,167,WBAWV53527P798192,363093,2017-06-05 23:34:12
17,890,679,3N1AB7AP1FY017541,388510,2015-07-03 19:28:14
18,352,371,5N1AN0NUXCN918598,309607,2020-02-13 15:10:59
19,223,126,1GYEC63888R220246,430221,2021-12-05 01:37:07
20,199,709,3D4PH5FV2AT058559,473580,2016-08-16 10:17:08
21,52,335,2G4WY55J611466731,46262,2021-05-17 03:31:37
22,453,458,WBAWV53557P441699,331134,2018-06-10 12:32:27
23,744,968,WBA3N9C53EK736207,147516,2018-04-15 16:58:14
24,151,308,JM1BL1H36A1936219,395624,2018-11-08 13:16:18
25,540,29,WAUDF98E57A164060,274709,2020-06-23 10:59:12
26,929,510,1VWAH7A37EC541919,295517,2015-01-31 14:38:19
27,801,859,5N1AZ2MH6FN021545,355715,2018-01-28 03:50:31
28,420,428,WAUHF98P37A623377,409121,2021-11-03 17:04:10
29,586,52,5BZAF0AA2FN005609,215219,2016-08-12 00:18:15
30,874,204,1C6RD7JTXCS441194,104957,2020-07-09 13:07:34
31,763,336,3VW1K7AJ8CM264967,357727,2016-05-09 05:54:46
32,718,446,5NPDH4AEXFH504336,474711,2017-08-09 16:59:47
33,989,643,5FRYD3H47FB612074,282725,2016-07-30 07:53:24
34,90,937,19XFB4F25DE487794,328954,2017-12-19 08:12:21
35,199,313,WA1LMAFE7FD908385,224087,2018-08-15 06:33:58
36,435,633,WAUUL98E76A526154,342315,2020-08-13 08:15:35
37,844,225,WVGAK7A93AD335974,91589,2017-09-29 04:20:30
38,22,373,WAUVFAFR1DA815143,46742,2015-03-26 01:42:59
39,142,113,SALWR2VF4FA758847,300766,2018-12-16 16:42:03
40,376,443,1G4GC5GR7DF336489,236257,2017-08-28 19:59:21
41,865,776,5N1BA0ND2FN839317,215537,2021-10-12 17:53:43
42,726,133,WAUWGAFB9BN182675,157295,2021-03-16 18:30:28
43,791,362,KNDJT2A5XD7519135,178654,2015-08-19 15:38:31
44,510,863,1GD02ZCG4BF949327,244593,2016-07-13 18:28:30
45,327,193,5XYZG3AB0BG944379,448403,2016-09-11 21:55:35
46,206,116,WA1CMAFE9CD688176,486544,2019-12-21 13:46:11
47,734,749,2LMDJ6JC2AB312380,75352,2016-09-29 13:46:18
48,723,409,1G6DS5E30C0395705,367304,2016-11-29 12:57:15
49,33,215,WBA3C1C58DF544232,179872,2015-10-06 10:36:46
50,150,687,JH4DC54896S680448,306316,2021-12-06 15:55:34
51,149,873,KNADH4A30A6409525,142334,2017-04-17 03:39:07
52,432,77,WBSCL93401L017400,116314,2021-07-15 21:10:57
53,925,865,1YVHZ8AHXA5243261,378237,2021-04-19 06:06:25
54,309,771,WA1CYAFEXAD731148,493292,2021-05-21 15:29:13
55,244,100,1G4PP5SK5F4615792,483674,2018-03-28 22:33:23
56,818,977,19XFA1E85AE162291,469161,2017-02-11 02:14:55
57,948,809,WAUML64BX2N520555,268165,2021-07-12 05:33:14
58,264,320,WDDGF4HB7DF195887,351168,2016-12-14 02:32:19
59,51,15,2G4GY5GV1B9039173,196114,2020-05-06 13:33:23
60,749,455,5FPYK1F27EB041964,405523,2017-03-26 02:23:09
61,610,79,3GYFNEEY3BS145031,286570,2021-02-13 09:24:28
62,654,168,YV1382MS2A2726570,418426,2020-11-15 18:46:32
63,605,261,JTJBM7FX6A5623182,474611,2019-08-26 02:40:19
64,469,338,KNADM5A37D6921370,444513,2018-12-02 13:23:06
65,923,47,KNALN4D78E5165184,53817,2018-03-08 09:40:57
66,963,542,1FTWF3C50AE547109,198280,2019-01-14 02:55:45
67,42,669,WVGEF9BP7DD658654,481128,2020-12-11 10:41:39
68,991,176,JH4KA96684C387695,126008,2021-05-13 07:40:36
69,394,99,WBANF33536B030181,244946,2018-08-28 03:13:28
70,435,54,1G6DZ67A480550339,298191,2018-10-16 17:39:04
71,517,358,YV140MAM6F1703884,318075,2019-09-14 04:25:05
72,978,179,WA1MMBFE7AD742372,167014,2017-10-04 07:45:02
73,293,683,1FAHP2D82FG542846,212227,2018-08-20 06:36:13
74,430,821,WBASN4C50CC757022,431632,2019-11-02 18:08:13
75,925,154,1N4AA5AP5AC635988,85818,2021-10-16 21:02:34
76,495,483,5YMGY0C5XBL937980,85990,2015-04-19 15:46:15
77,950,97,WAUKH98E86A426203,328231,2016-08-13 21:04:41
78,303,646,3C6JR6CT6DG004534,56317,2021-12-17 04:24:02
79,11,909,JTEBU4BF3EK053269,219780,2021-12-08 11:10:44
80,973,401,1GTN1TEX9DZ379091,406728,2020-11-26 14:13:20
81,546,222,JTHBP5C28A5417917,122318,2021-01-18 09:12:01
82,788,540,JTHBP5C27D5770914,283377,2015-04-03 10:28:31
83,854,423,1FMNE1BWXAD075791,400613,2018-08-18 11:55:09
84,252,866,1N4AL2AP1AN754540,471621,2021-12-08 00:07:56
85,75,906,WAUNF78P26A657820,190542,2018-09-02 08:51:58
86,275,930,YV1940AS5B1648940,419959,2018-08-19 06:35:36
87,290,402,1G6DM577180557052,168967,2017-11-15 21:55:01
88,342,703,WAUFL44D22N295952,55787,2021-03-12 01:30:17
89,276,791,WVGAV3AX4EW034817,347462,2020-03-13 21:50:33
90,795,243,5FPYK1F25AB074035,338527,2016-02-28 07:34:46
91,108,74,WAUJC58E15A789346,296498,2018-05-25 03:39:13
92,924,150,3N1CE2CP6FL106003,247623,2020-04-04 16:10:25
93,348,379,WBABS33473P480730,220979,2015-10-16 21:04:57
94,421,688,3C4PDCAB4CT253866,88239,2018-01-04 04:16:24
95,824,20,KMHCM3AC6AU710442,255420,2015-12-22 01:50:22
96,316,236,1FTEX1EW0AF153378,72039,2017-04-12 10:31:00
97,132,628,1N4AA5AP4EC411973,276517,2021-10-05 09:01:51
98,681,855,5TDBCRFH6FS900201,243241,2021-02-01 22:44:06
99,548,899,KMHFC4DF9BA883256,461027,2015-10-17 10:46:54
100,336,625,SCFFDABE8BG744051,67169,2018-10-10 01:17:56
101,249,592,WDDPK4HA6DF407343,378347,2018-11-18 17:37:06
102,814,670,1G6YX36D365054532,39725,2016-04-01 20:51:57
103,794,882,KNAFZ6A30F5964330,245089,2020-09-20 14:49:46
104,92,306,1G6YX36D785213734,181235,2018-09-07 12:08:33
105,690,53,3GYFK62848G189649,90716,2017-11-24 09:15:36
106,262,250,5LMJJ3J59CE451893,75133,2015-12-20 12:40:38
107,439,971,WAUDH78E98A693026,219636,2016-11-06 06:20:42
108,439,673,JTDZN3EU6D3279108,74490,2021-12-01 09:55:19
109,475,526,5TDBKRFH3FS650516,237152,2020-08-15 08:00:22
110,272,629,2HNYD2H65CH904450,150718,2015-05-02 02:34:22
111,418,982,2HNYB1H63CH147774,496771,2016-04-03 02:32:02
112,794,562,SCFEDCAD1CG095534,248864,2021-08-28 09:16:44
113,335,759,1FTEX1C88AK383973,381782,2015-12-01 00:03:39
114,912,656,WAUFFAFL2DN225011,55632,2020-07-11 21:06:55
115,866,819,KM8JT3AB1DU453969,212651,2020-04-20 20:58:07
116,403,594,WAUBF98E78A770999,236247,2020-04-29 02:32:48
117,578,582,SCFEDCAD8BG367155,391705,2016-12-25 20:31:39
118,977,278,WAUGL78E35A682076,156939,2016-07-10 20:11:22
119,102,501,WP0AA2A84AU618076,439014,2019-04-27 04:45:51
120,470,978,WBA3A9C56CF928948,265634,2015-11-01 15:31:26
121,108,435,WAULFAFR8DA557131,334887,2021-11-13 23:39:58
122,546,91,2T1KU4EE1CC172203,72935,2017-07-26 00:32:57
123,706,145,5N1CR2MN5EC223477,90841,2016-12-13 20:57:06
124,223,474,1GKS1AECXFR398227,128258,2015-07-05 02:26:26
125,648,794,1C3CCBBB5EN644896,120353,2020-12-08 21:59:41
126,762,223,JTJBARBZ4F2708896,293714,2017-04-11 19:45:47
127,917,432,5YMKT6C51F0038833,401263,2017-07-14 10:44:16
128,119,885,1G4HP54K734764069,394056,2017-02-14 11:31:23
129,220,680,3VWKX7AJ5DM418882,271261,2018-06-24 22:19:43
130,675,924,2GKALMEK9E6274801,107662,2017-05-08 06:49:55
131,975,252,2C3CCAGG6CH454657,407540,2018-10-06 13:42:28
132,22,165,2FMDK3AK2CB298351,36784,2017-01-23 15:11:37
133,951,448,WAUDG78E75A631543,392801,2017-05-24 14:25:47
134,349,44,JTJBC1BAXD2201584,96884,2019-07-04 16:51:23
135,229,105,SALVN2BG4DH400186,374926,2017-06-20 04:00:47
136,757,41,WBSBR93404P647666,168435,2019-08-10 20:13:52
137,890,114,WAUWMAFC9FN490811,66868,2015-01-01 05:35:21
138,450,972,SALFP2BN1AH076140,314604,2020-11-24 19:48:48
139,963,931,19XFB2F5XDE894699,445535,2017-04-11 16:29:34
140,778,13,WAUFFAFL9EN094550,82242,2020-01-10 08:21:39
141,733,750,3VW467AT8DM334715,346786,2015-09-29 14:01:57
142,937,84,3D73M3CL7BG473360,361997,2017-10-02 22:31:42
143,910,469,1FTEX1CM2CF280119,96003,2019-04-20 13:18:38
144,171,565,WDDEJ7EB6EA062855,202162,2016-02-15 02:03:02
145,380,550,1FTEW1CMXCK835330,146087,2020-04-10 17:04:46
146,435,938,5UXKU6C54F0550641,448906,2018-03-29 16:53:07
147,838,265,1G6AC5S3XF0216613,479605,2020-08-17 02:26:00
148,386,519,1G6KE57Y12U460592,416051,2018-10-17 15:48:16
149,779,606,WAUSH78E58A752466,188636,2015-06-09 04:24:53
150,381,384,1D7RB1CT1BS231631,310838,2019-06-15 04:09:09
151,404,462,WBA3V7C55EP008993,441821,2017-04-04 00:01:11
152,600,619,2G4WD582661359458,451481,2017-04-19 07:12:42
153,485,896,2C3CDXL97FH601449,140617,2019-03-16 10:34:30
154,201,963,WAUDF78E36A263477,338636,2018-11-27 09:53:43
155,42,331,3VWKZ8AJ4BM455550,283068,2019-07-01 20:38:50
156,757,275,1FTEW1CM5CK847059,69512,2017-04-02 14:50:12
157,87,184,WP0AB2A98FS768815,128832,2018-02-21 01:56:40
158,383,82,WBANA53515C472492,160836,2019-09-16 12:52:09
159,60,942,1GYFC13299R082284,348700,2018-05-16 10:37:56
160,673,527,WBADT43461G271617,119043,2016-06-21 02:15:13
161,854,941,1N6AA0EC9FN818789,76647,2015-05-31 03:09:04
162,858,511,WAUDFAFC9CN594907,353354,2020-04-27 03:11:01
163,71,782,WP1AA2A29DL267828,31710,2017-05-15 10:42:37
164,338,956,SCFAD01A05G667425,211368,2020-03-03 18:02:49
165,353,660,2G4WD562851002249,34452,2015-02-13 06:38:43
166,317,614,WBAYE8C56ED829940,122599,2020-04-02 06:24:12
167,491,908,WBSDX9C50DJ378000,215415,2021-06-06 21:21:01
168,486,282,2HNYD28258H781625,32394,2019-07-13 21:23:41
169,193,797,JN1CV6FE0FM168343,221291,2017-10-31 11:09:52
170,80,748,WBADS33421G394988,370310,2015-07-04 05:42:41
171,824,45,WA1CV94L39D930143,423297,2021-08-28 15:35:23
172,640,724,WBXPA93405W193773,49202,2016-09-07 16:41:56
173,247,130,WDDEJ7HB5AA529527,374990,2021-06-16 17:49:13
174,456,969,JM1NC2JF3C0679178,288941,2016-11-28 14:01:34
175,519,136,WAUDH98E88A533425,54922,2017-02-24 15:34:17
176,25,431,WBAEN33444P062034,105495,2020-06-14 19:02:27
177,561,440,1GYS3CEF4DR458103,147075,2020-11-18 11:43:24
178,302,871,5UXZV8C59D0049300,116794,2019-02-10 08:12:20
179,607,598,5UXFG83558L153199,158411,2017-09-20 06:13:04
180,28,777,JN8AZ2KR5DT533181,417231,2019-02-25 14:38:35
181,237,627,WAUCFAFR7FA661290,45446,2015-12-09 00:04:31
182,485,773,1FM5K7B83FG973782,239199,2017-12-04 22:28:13
183,357,588,2C3CCARG2DH011808,160824,2020-05-21 05:10:29
184,767,442,SALWR2VF7FA563177,461256,2018-10-29 21:41:33
185,458,695,JM1NC2JF0F0892108,61308,2017-01-02 08:27:45
186,104,692,WAUWFAFR8EA860750,153849,2018-05-21 01:54:12
187,217,811,1G4HP54K014002411,130239,2019-02-28 23:32:17
188,658,418,1D7RE3GK0AS267507,117388,2020-12-05 07:05:28
189,44,531,WP0AA2A90CS871838,104136,2016-11-20 05:28:52
190,722,551,JM1NC2EF6A0071677,146929,2020-08-30 02:34:42
191,977,459,WAUCD64B24N403726,198599,2017-09-03 20:29:24
192,318,220,WAUDF48H07K770325,83193,2015-06-24 08:57:14
193,505,817,1GTC5MF98C8538298,453421,2021-09-28 08:54:17
194,943,315,1GYFC53209R639154,435261,2015-01-08 02:51:56
195,944,285,JN8CS1MW8EM287166,421650,2018-02-03 02:27:16
196,488,271,WBADR63423G097297,492898,2016-06-29 05:24:16
197,744,913,1GYFK53209R685019,176317,2017-12-28 21:14:24
198,279,743,3N1CN7AP7DL801863,137079,2017-02-26 08:04:09
199,349,433,2FMDK3AC2AB188230,352492,2021-07-25 02:36:00
200,711,229,WA1AV74L49D466050,419019,2019-12-01 22:24:18
201,124,78,WBASN4C53CC149852,188294,2018-06-17 03:04:29
202,462,144,KNAFU6A29C5131756,424907,2021-08-30 10:50:21
203,873,958,1G6AE5SX2D0280140,46115,2017-11-29 05:11:49
204,487,485,JN1CV6APXAM678880,368109,2018-11-22 13:24:38
205,358,557,1N6AA0EC1DN707151,181773,2015-07-19 11:57:20
206,466,413,JN8AE2KP2D9153531,183026,2016-04-07 17:56:53
207,431,864,WAULD64B92N401680,498933,2017-08-29 00:47:46
208,81,547,WAUGGAFC4DN509175,438717,2015-02-26 07:46:20
209,744,666,3C4PDDDG4ET703273,396587,2017-02-23 08:06:19
210,638,96,1FMNE1BW0AD486052,279184,2020-12-19 21:11:25
211,330,902,WBAFR1C56BC093151,132565,2016-05-13 19:13:48
212,238,197,KNDPB3A29B7607499,235801,2017-10-12 15:51:21
213,798,387,19UUA9F20AA235135,478100,2017-02-06 03:00:01
214,468,513,1G6DS57V090939403,374537,2018-04-06 12:22:52
215,292,203,1FTEX1C85AF524166,263787,2020-05-24 12:20:53
216,602,473,1G6AK5S36F0698922,492252,2020-08-28 14:26:00
217,361,142,1D7RW2GK6AS671659,249534,2020-04-14 23:41:43
218,822,367,JTHBL5EF1F1024772,218998,2020-11-18 23:55:35
219,998,445,WBAGL63422D101184,353407,2016-03-24 14:04:31
220,559,671,JTDBT4K30B1072392,429528,2015-02-10 01:00:53
221,822,602,5J6TF1H36FL924976,277525,2021-03-24 01:35:29
222,713,470,1D4RD2GG6BC358492,351374,2017-06-19 04:20:30
223,967,686,WA1MMAFE8AD996182,482304,2021-03-04 21:04:47
224,550,134,WAUGL78E76A221349,216679,2019-09-26 10:37:12
225,929,935,3D73Y3HL7BG622976,487309,2019-08-12 16:57:07
226,928,654,1G4GC5G39FF488143,246682,2020-02-25 10:24:05
227,346,199,SCBBR53W56C613270,67022,2019-05-28 15:57:56
228,681,976,1FADP3E27EL627802,444240,2019-06-13 07:53:45
229,869,265,WBAFZ9C53DD733053,458337,2017-11-14 05:39:19
230,329,624,WAUKH94F87N290955,371762,2021-06-02 01:11:54
231,21,422,19UUA8F30DA374284,33176,2017-12-14 21:56:18
232,363,831,WBA3D5C58EF680205,34052,2020-09-02 13:18:29
233,356,177,WBAUP93558V471565,90181,2016-12-17 17:38:17
234,983,585,WAUHF78P17A513593,348907,2020-03-30 23:20:17
235,359,312,2HKRM3H38FH360026,479694,2021-05-26 04:23:34
236,19,202,JTHHE5BC9F5149915,140843,2018-09-01 01:48:28
237,661,851,4T1BK3DB3BU396528,276740,2017-05-12 04:41:17
238,777,883,3VW507AT1FM052649,52659,2018-05-26 11:24:45
239,762,232,WAUVT58E95A572872,391291,2017-09-24 10:49:33
240,30,251,3VW4A7AT7DM522740,178767,2015-10-27 21:56:02
241,718,623,YV4902BZ0D1375043,194943,2018-12-15 15:36:12
242,587,641,JTHFE2C2XA2107002,487819,2015-02-20 16:47:55
243,170,188,3TMJU4GNXBM643179,164709,2016-09-10 02:21:58
244,273,151,2FMGK5B89DB768890,245784,2018-08-03 01:27:56
245,950,612,2G4GU5GV9D9400650,412197,2021-10-31 08:48:35
246,22,610,1G6AE5S35E0389612,448938,2018-06-29 23:47:35
247,235,71,SCBCR73WX9C653977,85904,2020-07-01 10:21:23
248,704,297,WDCGG0EB7FG521330,152138,2020-09-06 19:05:04
249,257,355,JN1CV6EK7EM674385,215139,2021-06-25 11:34:09
250,235,650,1GYEK63N32R957516,175831,2015-03-09 17:03:23
251,411,2,1FMCU4K32CK362476,69199,2019-04-06 14:10:28
252,648,921,2G4WB55K511580696,221175,2015-07-06 23:47:12
253,129,57,1N4AL2AP2CC802481,468089,2021-07-10 11:17:12
254,836,657,WVGAV7AX3CW918526,105986,2015-03-10 11:10:31
255,402,40,WAUDF98E38A412520,376119,2015-08-04 03:27:16
256,855,645,WDBSK7AA7CF929038,356790,2021-03-25 15:04:38
257,272,109,WBALW3C52EC810544,277274,2019-02-09 12:57:26
258,614,555,SAJWA1CB1BL979153,311212,2016-03-04 22:59:10
259,525,841,JTDKTUD39ED343949,52608,2021-05-13 02:46:19
260,933,464,WBAWB7C54AP254529,171960,2020-02-10 22:29:36
261,680,708,1GYS3JEF0BR961371,243639,2017-05-11 13:36:39
262,360,64,WA1CGAFEXBD907653,469241,2021-04-25 14:15:21
263,713,618,WAUSH78E57A778757,107333,2019-07-15 18:26:00
264,379,647,SALAB2D46AA353161,315728,2018-05-31 16:31:48
265,178,240,1N6AF0LX9EN821388,282828,2019-04-23 06:12:56
266,150,922,5YMGZ0C52E0583374,328764,2015-11-05 07:09:56
267,623,80,1GKS2GEJ1BR685108,479394,2021-03-07 17:08:56
268,589,720,19UUA9F21EA294328,247468,2015-11-19 10:44:45
269,317,172,1FADP5BU6DL179326,277060,2015-05-01 07:17:36
270,71,798,5N1AN0NU1CC652397,423094,2021-07-17 19:27:12
271,442,840,JTDBT4K31B1566941,494827,2015-11-07 20:53:03
272,741,291,WP1AA2AP8AL253295,412610,2017-06-25 08:34:28
273,711,760,JN8CS1MU9DM335612,54426,2017-02-08 10:01:58
274,517,368,WBALM7C53EJ571921,154129,2017-08-14 04:47:16
275,878,573,WBAUP7C54BV427987,453258,2019-04-01 21:04:00
276,478,894,WA1LMBFE9CD930955,480166,2021-12-17 10:45:26
277,712,104,1D7RV1CT4BS522065,80543,2019-03-22 19:57:58
278,748,609,1G6AK5SX5D0152595,379439,2015-12-17 14:54:14
279,49,443,5UXZW0C52D0133294,408208,2020-11-13 20:04:42
280,526,1,2HNYD18201H357754,35884,2019-10-05 10:26:25
281,730,437,2T1BPRHE0FC931668,228252,2020-06-18 16:15:39
282,882,672,1N6AD0CU4CC367426,87082,2016-12-14 05:22:50
283,96,161,3VW4A7AT6CM778222,332396,2020-02-09 01:43:49
284,584,806,WAUKF98EX8A038074,257501,2015-08-14 13:12:23
285,897,829,JTHBL5EF0F5130655,144121,2015-01-08 20:14:07
286,266,408,1GD020CG0DZ820935,240236,2021-10-25 17:03:33
287,34,632,WBAUL7C50CV868531,448750,2016-05-05 16:04:48
288,911,122,3D7LT2ET2BG376769,329479,2021-12-25 10:30:19
289,777,365,2G4GS5GXXF9827264,99458,2015-07-04 21:00:28
290,463,226,SCBLC47J49C169947,109201,2019-07-31 04:45:58
291,84,944,5GAKRCKD2EJ098077,53871,2020-06-11 16:45:37
292,666,721,KNADH4A32A6631645,204766,2016-03-14 19:07:36
293,429,328,WBAGL83574D000973,339221,2021-02-15 05:36:51
294,889,795,1N4AL2AP8BN970256,224274,2019-06-14 09:16:05
295,358,383,WAURV78T38A740855,404325,2018-11-21 20:45:10
296,242,108,WAUKD78P67A705071,341739,2018-05-20 01:40:17
297,22,603,3VW4A7AT2CM345982,177956,2015-04-08 21:57:43
298,845,48,3D7TP2CT4BG096892,322564,2015-10-18 07:45:47
299,97,382,WAUVVAFR0BA613331,238280,2015-05-09 23:48:20
300,455,665,WAUSF98K09A519670,274020,2016-01-06 11:22:20
301,863,419,1N6AF0LX7FN849644,382065,2019-11-10 00:56:26
302,150,761,WAUAH98E78A409570,175076,2018-07-25 23:21:53
303,897,715,1N6AA0CA9EN019157,391240,2015-06-04 13:03:31
304,905,374,WBADN63433G092248,452496,2018-01-07 17:03:35
305,228,870,KNAFX6A87F5117029,119174,2018-01-31 04:41:11
306,808,287,1G4HP54K93U435700,222383,2018-06-02 01:33:33
307,158,429,2C3CDXJG8CH327885,226432,2017-01-09 22:22:57
308,56,898,2C3CDXJG9DH587195,193343,2015-10-15 17:34:54
309,787,60,1G6KD57Y38U679632,43601,2020-03-10 21:22:05
310,292,651,3C63DRBL7CG857193,298641,2020-06-10 11:37:48
311,523,16,KNADM4A33D6160279,108940,2016-06-23 14:16:37
312,603,182,5N1BA0NC2FN510401,69722,2015-11-05 22:18:43
313,227,81,WVGEF9BP8DD958090,421570,2016-09-28 16:57:07
314,780,980,1D7CE3BK1AS354720,86402,2015-09-17 04:06:29
315,650,56,1G4HG5EM3AU864800,130459,2018-06-07 01:48:37
316,969,872,WVGDP9BP7ED951612,140324,2015-01-10 15:58:03
317,789,307,WP0AB2A84CU538289,420038,2016-12-17 04:22:53
318,204,764,SALAB2D4XCA772696,139344,2017-12-31 06:09:28
319,976,970,JH4KB16598C246002,481730,2016-05-13 15:26:33
320,310,528,1C4RDHAG9CC816732,58882,2019-06-22 18:12:02
321,586,662,WAUEH78E07A544135,259748,2018-07-09 05:49:25
322,694,663,JN8AF5MR9FT795361,171056,2021-03-19 12:37:40
323,654,194,5N1BA0NC0FN277974,387694,2018-02-27 16:12:19
324,138,231,WBSBL93445P188614,457915,2017-05-15 17:04:43
325,790,722,5UXFA53503L072703,31344,2021-01-21 11:32:25
326,333,554,1GKS2FEJ7DR323653,456834,2020-03-27 20:21:32
327,623,845,WAUKG58E85A610549,147358,2015-05-16 13:24:49
328,767,611,1GYS3UKJ2FR835125,322254,2019-06-09 11:28:26
329,742,950,JTHFF2C29F2662088,94535,2021-01-03 03:26:31
330,297,523,WAURV78T09A410222,141486,2020-12-24 06:40:15
331,676,89,1N6AD0CU5FN467348,198055,2015-08-21 00:28:12
332,490,512,KMHTC6AD9FU957765,63330,2016-11-07 17:04:13
333,962,329,3GYT4NEF5BG695645,496021,2017-01-08 07:47:07
334,818,414,1G6KD54Y02U780168,312128,2020-01-31 16:12:20
335,766,566,WAUBFAFL8BA013863,52344,2017-02-27 03:19:45
336,783,468,WAU3VAFR7CA866428,128846,2021-06-24 00:20:40
337,747,925,JN1AZ4FH5FM752568,367894,2020-11-18 01:56:18
338,846,257,KNDJT2A56D7015536,128437,2015-01-30 09:42:17
339,119,926,1G6DN57S840558341,227559,2017-12-06 22:33:46
340,841,546,WBA5B3C59ED629214,356857,2017-01-20 02:16:06
341,104,718,1N6AF0LX9EN888427,382029,2020-07-15 17:38:33
342,301,615,2G4WE567251235262,200726,2021-12-22 19:30:30
343,972,639,WAUDF78E86A469104,91280,2019-10-09 05:52:38
344,55,804,5GAKRBED5BJ810793,176904,2018-01-30 15:15:27
345,973,927,1G4GD5ER4CF762865,172520,2015-10-24 06:25:56
346,212,719,JN8AF5MV7FT021882,449451,2020-03-06 06:09:02
347,823,655,2HNYD18714H611472,164775,2020-02-22 19:59:21
348,627,180,WBAWC33537P034619,379128,2019-09-30 16:10:31
349,649,561,1G6DC5EG0A0182394,59274,2017-06-09 01:48:56
350,319,510,2C3CA4CD4AH800480,183882,2018-10-14 04:43:27
351,765,156,4T1BF1FK3EU830585,126354,2018-10-01 09:17:38
352,264,221,19UUA56712A708305,97036,2019-12-19 02:18:22
353,277,141,WAUFFAFL1EA388919,79509,2018-02-23 00:47:00
354,162,891,19UYA42612A779142,244529,2015-02-02 15:38:18
355,890,887,WAUBF78E88A595232,340883,2021-04-21 14:26:41
356,830,778,2G4WD562551920573,272552,2019-03-21 00:55:58
357,116,26,SCBCP73W38C434251,358417,2019-07-17 07:27:11
358,44,783,1G6KD57Y32U012146,62678,2017-09-24 17:24:47
359,120,294,1G6AB5RA0E0995462,96082,2020-05-21 18:30:11
360,181,640,WAUDV94F49N983851,249853,2016-07-04 19:36:13
361,755,978,JH4DC44641S469126,176197,2018-10-14 10:16:13
362,24,245,WAUHE98P69A036306,189447,2017-07-03 19:55:52
363,664,726,WAUAFAFL3CA070694,165380,2018-03-25 09:41:40
364,192,363,JTDKTUD30ED512336,140631,2018-02-06 14:36:46
365,537,260,1G6KD57Y09U246044,459208,2016-01-02 18:46:31
366,707,276,1N6AF0KX8FN855289,363641,2015-10-17 08:37:09
367,967,910,WBA3D3C53EF662134,67576,2019-07-19 14:31:49
368,730,66,1D4RD2GG3BC609663,401330,2016-11-14 03:31:21
369,201,535,JN1AZ4EH9EM287549,232370,2017-04-24 01:37:44
370,957,790,WAUDK78T49A647797,258066,2016-08-01 03:47:09
371,453,138,JTHBK1GG7F2024304,313805,2018-01-31 12:27:42
372,434,24,WAUAFAFL7AA574517,162505,2016-12-29 00:31:06
373,594,617,SCFAD02A25G039154,186833,2018-02-04 08:33:41
374,547,397,1G4HA5EM8BU437745,388573,2020-04-11 14:03:03
375,366,298,WVGAV7AX1CW224742,453588,2021-08-10 14:41:11
376,775,430,19UYA42523A876049,239114,2020-01-25 16:15:45
377,14,6,2T1BURHE9EC786167,466876,2016-12-15 15:30:59
378,334,436,2C3CDXFG8FH903312,235601,2020-01-28 16:19:57
379,365,344,WAUML64B64N732484,85157,2015-12-18 04:58:14
380,193,860,WAUKG78E85A959822,243450,2015-03-08 13:40:03
381,342,318,ZFBCFADH1FZ627976,213881,2017-05-08 19:29:06
382,238,596,JTHBK1EG2A2935202,117576,2019-12-25 05:54:48
383,574,934,5J8TB1H28CA767680,30589,2018-04-21 22:16:17
384,551,162,JN8CS1MU8FM838485,366027,2021-09-28 20:29:15
385,77,482,WAULF78K89A134639,243949,2021-04-08 16:17:34
386,837,337,1GTC5LF96B8728397,147038,2021-10-01 07:31:15
387,398,659,5N1AT2ML0EC244597,93920,2015-08-04 00:57:29
388,913,948,1G6AA5RA3D0864608,359259,2019-01-18 21:27:50
389,808,520,JTDJTUD34ED481748,328974,2019-12-08 22:29:24
390,594,61,JA32U2FU8DU104106,283600,2017-04-21 01:21:35
391,191,699,2T1BURHE0FC935325,386664,2020-10-27 15:45:36
392,674,808,5YMGZ0C50CL401649,104857,2021-11-07 21:26:08
393,963,704,2HNYD18896H401021,231345,2019-10-24 15:46:02
394,700,453,3GYFNGE33FS795015,207469,2019-12-26 05:50:14
395,651,299,WAUEH78E26A718740,212357,2015-06-15 12:56:37
396,878,900,WUAAU34278N323517,348459,2018-08-25 06:48:13
397,454,178,SCBCR63W05C396428,414013,2016-12-27 12:21:05
398,598,960,SCFFDCCDXAG449307,263194,2018-12-20 14:03:27
399,624,486,WDDHF8JB0DA886617,450899,2021-02-26 20:57:38
400,694,146,SAJWA0FS6FP853570,395425,2017-06-29 10:55:47
401,29,293,1G6AB5RX1D0652081,351901,2017-05-05 17:00:24
402,304,745,2HNYD28357H727846,473700,2018-10-14 10:20:21
403,259,370,WVWGU7AN0CE709265,285507,2016-12-12 09:36:05
404,8,21,SCBET9ZA5F8322742,184864,2017-01-03 20:32:20
405,683,836,2D4RN5D12AR444130,430944,2017-04-13 01:55:34
406,259,270,1G6DC8EY7B0739619,83732,2018-12-13 07:46:44
407,260,830,1GD312CGXEF032176,439356,2019-02-27 13:50:28
408,164,649,1N6AA0EC4FN863106,97486,2019-03-01 23:03:22
409,654,658,WBAEN33404E351648,76733,2018-05-09 11:19:24
410,641,392,WBANA53505B258549,32264,2021-09-23 02:55:31
411,886,450,3GTU1YEJ1BG449264,189194,2016-11-25 00:06:27
412,335,985,5UXFG43529L803987,205191,2021-08-16 16:19:18
413,427,420,JH4KC1F9XEC768102,198140,2018-08-03 11:58:03
414,897,664,5FRYD3H65FB917140,180288,2015-01-12 22:20:41
415,711,205,5N1AT2MK2FC525860,214888,2016-06-04 23:30:44
416,460,461,WDDLJ7DB1CA761526,349754,2016-06-02 16:31:41
417,933,88,5FRYD4H60FB422091,129348,2015-08-19 03:27:54
418,56,826,WBAVB17566N257597,368981,2020-09-24 01:27:05
419,792,979,2HKRM3H50DH995269,333234,2020-11-27 21:23:34
420,551,897,SALAG2D47DA818021,41335,2019-02-07 20:29:00
421,678,76,3GYFNDEY8BS926038,50972,2015-10-30 05:17:08
422,969,65,1N6AD0CU1AC654719,150582,2019-05-01 14:45:04
423,701,163,JTDKTUD32ED562123,273651,2017-08-27 18:48:00
424,345,637,WAUFFAFL9DN502639,55343,2016-03-31 02:46:02
425,659,552,WBA3C3C53EP856790,176435,2016-01-10 02:07:49
426,278,537,WBAPN7C50BA616212,206012,2020-10-08 20:59:40
427,210,593,1G6KD57Y98U691364,395457,2019-07-17 08:33:51
428,514,137,SALCP2BG9FH493582,484598,2017-06-09 03:42:34
429,965,920,SCFEBBBK9BG810880,387015,2015-02-25 22:29:45
430,835,262,SCBLC37F74C628340,422765,2018-01-04 08:28:56
431,504,309,1FTSW3B50AE571538,196521,2015-09-06 20:44:04
432,981,613,WBSBL93445P055108,383312,2017-08-05 12:39:27
433,108,752,WDDGF5EB0AA972882,50490,2015-12-25 18:42:00
434,89,508,JH4KB16548C279375,335608,2015-07-28 05:11:13
435,124,857,WAUYGBFC2DN951530,293701,2017-08-21 20:55:52
436,441,174,3D73Y3HL4AG612114,315751,2016-10-24 11:42:14
437,478,723,SALSF2D47BA834482,111327,2017-09-09 03:11:49
438,889,631,3VW4A7AT8DM144265,49775,2016-09-03 17:40:07
439,257,30,5NPEB4AC3BH722018,437647,2020-02-26 02:23:35
440,322,206,1G6AB5SA0F0663534,225911,2018-04-24 07:27:00
441,249,583,WVGFF9BP8BD057089,108595,2015-09-17 17:18:21
442,756,400,JN1BJ0HR3FM813541,185687,2021-07-07 11:48:09
443,382,210,2C3CDYCJ4DH135587,377493,2019-06-25 01:52:42
444,4,765,1G4HP52K344463559,378854,2018-09-12 05:15:22
445,188,403,WDDGF4HB3DG618975,169638,2018-10-14 06:57:24
446,22,802,5GTMNGEE1A8265778,297406,2021-03-22 11:52:36
447,923,157,WAUPL58EX5A054648,496194,2016-02-21 03:06:26
448,948,3,SCBBB7ZH4EC847455,114869,2019-08-12 23:36:20
449,881,880,WAUBF78E26A924214,111523,2017-04-11 18:41:47
450,722,954,JM1BL1K59B1869207,135026,2021-01-19 23:30:14
451,837,825,WAUKF78E78A875403,59280,2017-02-03 08:47:50
452,997,868,3D73Y3CL2AG570131,143905,2021-07-31 11:36:41
453,342,675,KNADM4A39C6510478,49895,2016-02-02 00:39:37
454,23,217,1G6AB5S3XD0724354,113671,2019-11-04 15:43:56
455,78,376,JN1AZ4EH7DM219295,49544,2017-02-18 17:26:34
456,566,541,WAUPFBFMXBA998137,221678,2021-08-25 05:54:04
457,540,404,KMHGH4JH2CU515545,101450,2020-01-04 18:27:03
458,265,914,1FTWW3A53AE817761,66061,2018-01-09 13:02:57
459,358,674,5FNRL3H24AB856183,88314,2017-02-03 10:45:35
460,348,767,WAUHF78P76A392454,30094,2018-06-24 06:08:11
461,761,858,WBAWV135X8P487037,213743,2020-10-25 14:23:10
462,43,747,WBAFR1C53BD425816,308833,2019-07-02 12:49:39
463,865,471,2C3CDZBG4FH612033,350973,2018-11-13 00:29:33
464,323,568,1G6DN8EV5A0783066,150786,2019-03-04 13:41:03
465,322,263,WAURV78T69A157729,126595,2015-02-27 10:51:32
466,799,239,KMHHT6KD0EU817185,262677,2015-10-28 18:11:07
467,760,72,5N1AL0MM7FC131048,339060,2020-10-11 09:57:15
468,762,406,1N4AL2AP4AC892830,123147,2017-04-28 22:49:38
469,312,577,1GKS1AE0XER445762,184340,2021-02-02 22:25:53
470,214,779,SAJWA4DC5CM209705,55359,2017-08-26 16:59:56
471,892,570,WAUCFAFR2CA034623,428725,2015-06-22 19:05:38
472,46,545,5BZAF0AAXFN881795,323740,2018-11-15 04:14:07
473,427,385,WBA5M2C52ED314923,434352,2019-10-15 22:04:47
474,366,391,3N1AB6AP7BL769407,387041,2018-02-28 05:39:02
475,26,183,2FMDK3AK2CB999987,402441,2017-03-04 04:01:36
476,881,895,WBAVB73547V855889,376339,2021-07-09 01:05:05
477,510,945,WAUDF78E55A326707,42607,2021-09-06 09:16:38
478,182,352,1B3CC1FB2AN825370,358187,2016-12-02 02:53:33
479,73,579,KMHTC6AD4FU589494,112080,2018-07-09 01:53:31
480,535,730,3N1CN7AP2EK411129,59572,2018-02-05 19:42:47
481,88,751,2FMDK3AK5CB951979,47483,2019-10-20 20:14:08
482,105,905,4T1BF3EK0BU095797,219806,2018-09-08 12:33:42
483,696,822,5GADT13S942994154,284159,2020-06-06 07:29:24
484,123,10,WP0AB2A85CS320213,225948,2018-05-28 12:55:26
485,131,729,1N6AA0CAXDN689380,426835,2021-09-29 16:29:45
486,158,879,WBA3B5G51DN110650,279260,2016-10-13 21:41:18
487,16,377,SAJWA4FB4CL604128,431452,2018-04-18 00:03:28
488,687,652,KMHHU6KJ1FU807236,467782,2018-06-22 18:28:52
489,186,842,5GAER13D49J742863,430604,2019-07-11 18:10:41
490,988,605,WAUGGBFC0DN685596,82466,2016-08-10 08:47:51
491,361,55,WAUDH94F57N599257,376398,2020-01-24 09:40:23
492,256,846,1C4RDJEG1DC579897,353725,2016-06-28 01:19:44
493,240,93,1GD12ZCG0CF651492,385493,2017-06-29 13:10:19
494,373,322,3VWML7AJ7DM775677,187310,2020-04-03 14:19:25
495,648,67,5N1AN0NU5EN450203,97298,2021-04-06 16:27:41
496,56,711,1G4PT5SV8D4965906,145797,2017-12-22 22:55:46
497,892,769,JA32U1FU2AU831604,83812,2018-11-21 02:45:40
498,56,247,WAUVFAFR1AA953843,176878,2021-05-03 17:46:54
499,522,475,3N1CE2CP7FL207941,136428,2019-09-18 13:08:37
500,189,175,SCBEC9ZA7FC689655,468902,2019-07-15 19:27:44
501,321,824,WVWEU9AN6AE515646,196551,2016-09-23 04:26:46
502,341,415,JN1BV7AP4FM704253,139955,2015-12-09 15:36:31
503,590,332,2HKRM3H34FH234648,475142,2017-03-10 18:07:19
504,232,741,JH4CU2F83CC973983,470441,2015-10-16 02:48:23
505,159,789,2C4RDGBG7ER694858,65687,2020-09-30 21:15:39
506,498,477,1YVHZ8BH2C5843564,452305,2018-10-03 15:09:21
507,967,70,JTHBL5EF4E5602158,335764,2015-04-30 12:21:26
508,389,28,WUARL48H69K881999,84857,2017-03-13 18:20:43
509,113,129,YV1672MC0CJ556520,407072,2016-11-01 01:29:49
510,587,780,3C3CFFBR4FT506781,147340,2020-11-14 21:18:18
511,440,642,1GYS4DEF8CR204511,211215,2016-05-10 07:39:49
512,685,317,JH4DC53836S621686,423923,2018-04-09 16:53:55
513,488,574,WBALM7C50EE306723,60031,2015-08-05 11:04:06
514,603,599,2T2BK1BA8AC275648,216492,2018-02-14 16:03:04
515,235,75,WAUNF98PX8A425108,155969,2021-09-20 17:52:24
516,632,586,5TDDCRFH1ES115396,205267,2017-08-19 08:51:40
517,912,201,19UUA65504A475395,105783,2020-04-29 07:09:25
518,52,214,KNDMG4C70B6340407,145521,2016-04-28 13:49:47
519,720,341,KMHCT4AE0CU425247,109803,2018-08-30 07:43:11
520,506,788,SALVE2BG4FH584466,456012,2016-10-25 10:35:30
521,282,700,WBA3B5C53EP620865,99672,2021-06-29 10:02:56
522,969,875,WAUEG78E36A616737,446887,2017-06-05 19:05:44
523,974,484,5N1AN0NW2FN745245,196599,2020-02-29 08:48:24
524,705,301,2C4RDGDG0CR950252,116311,2019-06-18 12:38:46
525,838,127,1FBAX2CM0FK430457,102236,2020-09-28 21:43:56
526,835,103,2C3CDZAT1FH047240,397175,2017-10-18 00:05:03
527,504,254,WBAUP3C59BV131100,486059,2021-02-01 06:32:50
528,988,835,3C4PDCEG4FT372317,302769,2016-03-20 16:01:37
529,227,125,1ZVBP8AM1E5557091,354201,2017-09-05 06:58:18
530,746,601,WBAKX6C58CC474311,495118,2020-05-14 16:24:25
531,72,492,1GTN1TEX9DZ762111,99099,2018-01-05 04:36:36
532,614,441,WBA3B1G59EN554594,78807,2015-12-07 06:36:12
533,991,810,1GYFC53299R976664,119434,2017-10-15 20:34:54
534,880,487,1G6DP5E33D0339826,232878,2020-04-05 20:22:04
535,643,35,WAULFAFR4EA677235,431680,2019-07-10 17:26:53
536,763,258,WA1CFAFP7DA220087,112712,2017-11-04 12:57:27
537,597,572,JH4CL96948C272557,235752,2021-05-17 02:54:55
538,723,949,SAJWA0HP3EM556166,413526,2015-12-15 02:52:43
539,301,966,WAUDGAFLXEA492989,63286,2018-09-03 15:23:55
540,231,861,WBAEP33425P815510,357573,2017-04-20 17:24:50
541,455,216,JTJBC1BA3E2968825,214262,2016-03-23 23:43:11
542,186,635,JH4DC54843S234851,85557,2015-02-08 04:15:13
543,903,348,WAUHF78P16A074815,285424,2020-09-09 17:09:10
544,956,539,1HGCR6F55FA417997,322295,2017-02-09 02:07:13
545,785,310,WAUZL54B01N144513,419140,2020-11-07 11:31:22
546,128,813,1G6DK8ED9B0833422,411945,2016-12-21 23:51:18
547,785,916,WVGAV3AX0EW377608,434197,2015-05-06 08:42:30
548,102,353,WBANE53517C424207,138064,2016-10-14 16:13:02
549,155,952,1G4GE5G39FF720749,111793,2016-02-21 10:34:03
550,545,277,WAUCFAFH8BN604266,62079,2015-12-20 19:46:41
551,673,467,5N1BA0NE2FN844185,415492,2020-06-13 21:11:15
552,971,27,WBADN63401G369757,51554,2015-04-23 23:02:16
553,881,536,1FTEX1C88AK451141,163502,2020-10-23 09:36:12
554,827,292,WAUDFAFL4CN611371,484242,2020-09-01 22:26:19
555,854,366,5FRYD4H49GB296281,347182,2016-02-03 02:50:23
556,157,242,5LMCJ1A92FU492490,378576,2016-06-16 20:07:52
557,729,316,19UYA42743A226737,64141,2017-11-12 17:34:26
558,354,690,1GYS4AEF0CR781807,434916,2019-08-02 08:21:11
559,428,396,KMHGC4DD8DU509337,49539,2020-09-20 23:01:41
560,907,117,WAUDF78E67A473217,258700,2021-03-17 22:57:47
561,639,939,WBAET37445N704927,327368,2017-05-29 18:04:42
562,789,274,1D7RB1CP6BS674182,133710,2018-10-03 22:27:02
563,334,869,WA1VFBFL4EA291826,135343,2020-11-10 02:07:35
564,548,347,2HNYD18883H674222,63665,2018-01-21 11:48:29
565,403,73,WA1LMBFE9ED107378,161587,2018-06-06 00:44:13
566,234,417,WAURFAFR3DA952358,398848,2018-08-18 21:14:29
567,906,616,4T1BF1FK9EU832163,110860,2019-03-01 14:55:10
568,296,354,WAUDF78E46A130730,128203,2018-08-15 12:10:58
569,149,713,2HNYD2H2XCH127065,368839,2018-06-27 22:44:00
570,777,330,1G6DL1E38C0603237,242298,2017-10-15 02:32:55
571,423,818,1J4NF1FB3AD683528,63441,2018-11-24 22:16:27
572,430,463,1G6AH5R3XF0416396,358942,2016-02-29 09:25:53
573,609,314,WA1WMAFE4CD095208,346594,2019-05-23 11:11:22
574,301,701,JN8CS1MU8EM995769,225097,2019-02-01 05:27:04
575,243,356,JM1NC2EF6A0568731,259045,2021-04-08 11:36:19
576,425,246,1N4AL2AP4BC033058,178123,2018-12-14 19:46:20
577,524,234,3N1AB7AP3FY453064,143410,2020-12-11 19:02:24
578,596,264,1GT010CG9CF216288,234165,2018-11-18 19:56:29
579,403,164,KL4CJHSB8DB644597,392395,2018-03-30 10:02:06
580,816,340,WAUGU54D91N472180,486121,2019-04-13 16:56:19
581,510,735,TRUUT28N251654980,398454,2019-07-10 00:51:36
582,957,595,SCBBP9ZA0AC679257,43195,2018-06-04 16:18:49
583,256,981,5J6TF2H51EL718566,452191,2017-01-22 01:28:02
584,701,693,1N4AB7AP2EN943834,475777,2015-10-18 09:31:03
585,294,18,YV4952CT2E1065019,498862,2016-02-11 19:11:54
586,596,494,5LMJJ3H52AE829071,46037,2015-02-12 00:34:34
587,52,169,WVGEF9BP0ED524554,82916,2020-12-22 06:42:19
588,819,135,YV1672MK0C2394941,470150,2018-12-10 07:49:31
589,119,849,WBA3C1C50CA631148,129007,2016-08-22 03:22:37
590,715,233,JN8AF5MR8CT204707,43146,2019-11-21 09:51:08
591,28,399,WA1LFAFP0BA424663,438383,2015-04-30 17:44:36
592,61,101,WDDEJ7GB2CA229819,387039,2017-06-26 22:22:24
593,1000,192,2T2BK1BA7FC786162,170440,2020-12-19 18:19:21
594,915,110,WBAEU33434P390760,389391,2015-01-03 11:18:15
595,44,607,JTDJTUD33ED265034,174853,2019-04-07 14:30:12
596,673,123,1G4HP57M09U836932,326515,2017-02-18 12:41:46
597,780,148,1G6DK1E30C0129738,342619,2017-04-13 01:52:48
598,144,967,1N4AL3AP4EC943299,289042,2020-07-17 11:42:12
599,62,22,WP0AB2A81CU175031,376526,2016-04-26 15:58:41
600,524,933,1B3CC1FB7AN310414,434071,2020-03-18 05:11:08
601,509,661,3N1CN7AP2EL266037,459348,2021-09-25 18:49:26
602,322,506,SALME1D48AA791369,195773,2015-11-15 16:57:21
603,730,211,WAUGGAFC7DN974162,355452,2021-03-02 20:31:59
604,912,549,2LMHJ5AR2AB712603,159535,2017-06-20 23:50:43
605,546,269,1GYS4KEF5DR882901,469600,2020-05-31 14:48:36
606,973,507,1B3BD2FB5BN930016,326764,2017-08-28 06:57:36
607,593,602,TRUSX28N811239507,455287,2020-02-01 05:27:23
608,238,438,YV4902NC3F1551707,190585,2019-01-17 17:44:11
609,578,630,W06VR54R41R477658,145027,2021-01-23 12:40:39
610,952,489,WBALL5C59EJ220180,466030,2021-06-04 02:32:15
611,398,854,KMHHT6KD4CU360409,438597,2016-10-07 18:47:05
612,951,932,WBAWL7C57AP161470,417886,2020-07-06 19:26:53
613,785,46,WVGEF9BP8FD640098,444547,2019-08-05 02:40:15
614,466,757,1FMJU1J57AE088163,343365,2019-11-24 00:38:14
615,596,212,1G6DG577390774952,489899,2015-10-06 09:48:35
616,746,227,2T1BURHE0EC466672,249262,2018-01-03 07:20:15
617,499,940,WAUAF98E27A847157,171332,2017-12-13 04:23:41
618,636,388,1G6DV5EP9C0508514,112244,2018-12-22 02:02:35
619,510,951,1C4RDJEGXFC257102,218408,2016-10-17 09:42:15
620,157,847,1N4AL2AP3BN785127,159888,2015-12-23 11:05:14
621,944,832,JHMZF1C62FS054455,413213,2015-10-20 12:15:42
622,749,279,1C6RD7HT0CS722426,289709,2018-06-26 17:17:07
623,144,491,WBA1K5C55FV082187,425885,2019-04-18 03:47:58
624,416,644,WAULD64B23N816311,358270,2020-08-19 15:04:00
625,393,768,JM1GJ1T61F1794446,367238,2020-08-23 14:07:16
626,428,90,3G5DB03E23S769123,102830,2020-11-21 18:32:01
627,381,451,JN8AZ2KR7CT275650,225507,2016-08-25 05:55:39
628,6,427,JH4NA21615S864762,140132,2017-12-12 02:00:27
629,982,421,1D4PT7GXXBW389847,261896,2017-03-16 20:58:53
630,632,343,JN1AZ4EH6BM860841,231876,2015-04-21 19:30:16
631,416,544,5J6TF1H31CL728746,196250,2021-02-05 05:39:14
632,905,532,3D7LT2ET1AG967237,203096,2019-06-09 06:15:04
633,37,405,JHMZF1C68ES899244,143886,2017-05-24 10:07:40
634,813,324,3D4PH7FG4BT200991,103680,2017-02-28 04:58:31
635,547,378,WBAPM5G52BN064531,254475,2020-07-07 04:40:53
636,117,472,WDDHF0EB6EA036620,186458,2019-07-26 10:20:11
637,553,326,1G4PT5SV4F4130212,394682,2021-05-06 00:21:56
638,253,816,1FTSX2A52AE590293,263357,2016-02-14 21:21:32
639,704,706,1G4GA5EC4BF304309,304241,2016-08-21 13:02:07
640,895,580,5N1AT2MK7FC501425,264343,2019-08-18 20:01:34
641,85,389,1FTEX1CM5BF237070,275628,2021-11-03 20:29:33
642,369,359,WBA3C1C59FK610555,259367,2018-09-19 03:50:16
643,791,907,WP1AE2A20BL425023,183906,2015-08-06 13:49:39
644,872,560,JHMGE8G23AC908933,78605,2021-09-21 19:18:03
645,569,961,1FTSW3A5XAE009728,184205,2019-04-26 16:02:30
646,774,983,1FTEX1CW5AF906096,254466,2020-01-01 15:59:01
647,426,962,JM3TB2BA7E0981869,156613,2015-04-29 16:44:42
648,286,390,1GYS3EEJ3BR949808,307399,2021-07-06 05:43:52
649,955,85,JN1AZ4EH1FM002442,57561,2015-04-08 06:02:15
650,983,837,WA1CGAFEXED119461,216245,2016-03-05 01:48:18
651,542,731,1N6AA0EJ7FN427039,181570,2020-10-05 13:38:43
652,86,530,YV140MEB4F1144585,441370,2018-05-12 21:23:12
653,219,587,WBA6A0C55DD479350,401290,2015-10-27 06:48:42
654,45,102,4JGBF2FE1CA172621,421318,2017-01-31 21:28:30
655,917,63,WBAWL73598P079685,333371,2018-09-19 18:57:31
656,618,867,1N6BF0KX4FN361578,348385,2021-06-01 19:14:00
657,147,207,WA1DKBFPXCA767181,272427,2015-09-18 09:33:19
658,478,876,5FPYK1F24CB808859,172373,2015-05-16 10:25:52
659,547,563,SALVP1BG3CH732283,385503,2021-07-22 16:23:08
660,515,92,WAUPL68E04A118345,173272,2018-03-09 14:31:55
661,314,208,WAUJT68E72A423408,463875,2015-11-08 12:09:15
662,153,756,3N1AB7AP0FY152042,108882,2016-08-21 09:12:11
663,694,286,1FTSW3B57AE456256,420402,2020-11-18 23:24:35
664,49,12,3C63DRGL5CG970441,241790,2020-03-30 23:48:11
665,28,792,1B3CB1HA4AD107591,419813,2017-08-09 22:19:23
666,884,196,WAU4FAFR0AA641010,195560,2019-08-14 10:30:51
667,103,278,5GAER23D79J961564,307866,2017-06-21 20:44:17
668,701,928,1GYS4BKJ4FR685858,42409,2018-09-18 22:01:12
669,135,581,JM1GJ1U52F1017408,109642,2015-02-24 22:14:03
670,821,67,KMHGH4JH7DU552821,375793,2019-09-17 07:27:58
671,650,259,1N6AF0LY1FN582851,40721,2017-11-15 18:51:51
672,613,43,1ZVBP8AN5A5218594,187875,2016-10-20 07:13:29
673,137,597,5N1AA0ND1FN425585,278460,2021-08-05 09:22:30
674,345,807,YV1672MK4B2177035,425175,2021-09-19 15:10:26
675,202,533,JM1NC2JF9E0088338,482630,2018-03-17 13:19:34
676,426,758,1GYS4CEF7CR810330,298780,2016-08-03 21:32:19
677,742,39,2T2BK1BA0BC059584,247293,2017-01-20 12:45:39
678,531,716,KNAFU5A25C5165123,183685,2018-12-26 01:25:15
679,607,676,WAUCFAFHXBN792174,484716,2016-03-05 02:22:24
680,49,98,JTHDU1EF4C5966723,217627,2020-04-18 17:13:25
681,568,490,3C3CFFCR3FT771464,164490,2021-04-18 13:35:41
682,900,351,1N4AB7AP3EN845363,86038,2020-02-27 09:38:23
683,817,266,4T1BK3DB9AU832829,349060,2016-05-24 07:43:47
684,538,774,SCBBR53W268204081,442792,2018-08-07 11:35:56
685,850,58,1G6DM8EV2A0662692,418626,2020-11-25 06:25:55
686,186,158,1FTEX1C83AK925884,42106,2015-02-03 02:16:07
687,670,115,JTEBU5JR9B5948678,205383,2019-05-27 07:03:58
688,732,889,JH4CU4F4XBC634631,330952,2015-12-18 05:09:54
689,359,874,JHMFA3F20AS319288,73951,2021-11-12 00:38:27
690,710,852,WBA3B1G50FN749176,283561,2019-04-14 16:18:52
691,361,838,WAUAH74F09N687398,170420,2016-06-17 12:06:47
692,219,823,5N1AR2MM3EC489305,116189,2021-11-06 02:37:36
693,765,369,JH4CL95975C306276,73471,2017-04-03 18:35:06
694,284,781,1FTEX1CM6BF910531,114145,2021-04-30 02:47:55
695,587,685,1G6DP1E36D0386034,293408,2021-09-04 03:56:51
696,708,497,KM8JT3AFXEU505118,307914,2015-01-06 14:50:31
697,774,253,JN1CV6EK1DM061306,104821,2021-12-15 01:38:43
698,984,304,2HNYD18784H293110,430381,2021-08-13 11:24:41
699,868,502,5TDBY5G16DS348479,181574,2020-06-01 16:13:27
700,358,691,19UYA42712A731570,52221,2015-12-24 02:57:57
701,853,682,3N1BC1AP8AL536025,56915,2021-06-07 10:47:45
702,657,521,WVWGU7AN0AE258710,202349,2017-11-05 21:25:28
703,768,107,WBAKE3C54BE535760,281995,2021-09-07 05:36:55
704,69,850,WAUAFAFH6BN716376,331790,2021-06-03 07:05:27
705,669,160,3N6CM0KN1DK879532,137469,2018-02-25 11:41:49
706,171,493,1N6AA0CC0FN527049,121943,2018-01-21 07:38:50
707,225,198,2C3CA2CV9AH503587,160406,2018-07-10 18:35:38
708,411,120,JTHBL1EF0E5873307,210849,2017-02-14 18:49:22
709,121,638,WAUJFAFH3BN511565,348687,2021-07-07 14:12:31
710,595,86,WAUPN94E58N309209,151876,2016-03-14 13:58:54
711,423,228,WP0CA2A84ES379364,499987,2015-08-24 12:43:55
712,717,608,KMHGH4JH2CU991245,138806,2019-12-21 13:32:15
713,354,725,SAJWA4DCXCM485118,376445,2020-06-05 23:02:24
714,824,796,JM1NC2JF7C0531311,421764,2020-02-27 14:34:14
715,18,256,2T1BURHE7EC429148,225684,2019-02-20 00:34:56
716,566,111,WVWAA7AJ3CW926444,64450,2018-11-05 09:22:41
717,83,280,1C4NJCBA3DD324536,332394,2015-09-28 11:04:38
718,680,727,WAUDF98E68A961175,280903,2019-03-18 06:07:24
719,467,795,5FNRL5H24EB762872,218853,2019-02-23 07:33:10
720,921,381,WAUBF48H67K909865,248839,2017-12-26 14:46:26
721,88,888,KM8NU4CC3BU099931,395208,2018-04-18 18:37:07
722,854,449,JN1CV6EK9BM471218,346461,2016-04-14 10:33:37
723,356,249,WAUAVAFD2BN366471,407825,2020-07-11 01:23:50
724,226,833,JH4CU2F69AC998835,123004,2018-05-07 06:19:59
725,955,677,JN8AZ2KR6DT491202,202223,2017-06-05 16:52:54
726,903,694,JM1NC2LFXC0139677,234064,2021-10-16 21:32:02
727,944,737,WBAUN1C52CV703040,322439,2019-01-21 08:34:54
728,869,534,SCFAB02A77G815531,34740,2020-04-30 01:11:03
729,458,912,JHMZF1C45BS589448,282918,2020-10-07 17:25:58
730,939,284,1GD21ZCG8CZ350913,201840,2017-01-14 07:35:54
731,643,147,1N6AD0CU9EN344571,487187,2015-08-19 17:33:32
732,216,14,1N6AF0KX2EN764999,93623,2018-02-11 05:39:36
733,479,689,JN8CS1MU6DM668012,261995,2019-12-16 17:14:13
734,65,697,WAUZL54B11N544788,389836,2020-12-20 23:54:50
735,39,621,KL4CJCSB2EB553409,409679,2016-06-12 08:57:16
736,716,303,4A31K2DF7AE324704,327871,2019-11-26 08:01:49
737,170,325,WAUKG98EX6A017431,290449,2017-06-15 04:27:08
738,339,273,2HNYD18621H116197,152921,2015-10-12 22:38:28
739,638,7,WA1CMAFE8AD250407,143902,2016-08-01 00:23:53
740,606,9,WBAET37484N066924,336207,2021-04-04 05:05:15
741,158,923,JH4KB16587C541574,114171,2019-05-06 06:35:55
742,892,740,5UXWX7C58DL399586,188599,2018-10-15 13:51:42
743,231,755,JTHBK1EG8A2371264,194735,2017-11-09 17:54:29
744,460,386,JH4DC548X4S389342,48319,2020-11-20 22:18:58
745,203,591,KNADH4A38A6756326,219929,2015-10-05 14:52:12
746,219,481,JHMGE8G3XBS798785,253512,2019-07-03 16:36:38
747,111,476,WAUFGBFC4DN779878,271781,2019-01-29 17:48:46
748,852,784,1FTEW1CM1EF158955,172004,2019-12-24 19:57:42
749,978,36,WAUDF48H27A584310,290440,2016-02-17 08:53:27
750,560,213,JTDJTUD39DD372569,88605,2015-03-16 03:30:16
751,712,62,1G6ET12951B235050,279129,2020-06-09 14:53:34
752,725,815,SAJWA0FB6BL482556,54449,2019-04-30 20:19:43
753,526,787,19UUA66298A388928,343362,2018-10-15 21:38:49
754,87,957,WAUBFAFL2CN977577,322858,2016-06-16 12:52:07
755,773,457,WAUDFBFC7CN645407,214829,2019-10-18 16:15:48
756,517,224,JH4DC54814S964024,188701,2020-02-17 03:59:39
757,89,915,1GD312CGXCF666567,138918,2020-08-06 01:51:55
758,315,393,3G5DA03L37S503049,38159,2020-03-07 03:03:42
759,415,590,WAUJC68E83A420826,156834,2017-05-21 00:02:51
760,255,444,1GYS4GEF3DR455424,491315,2020-01-20 23:33:00
761,91,744,1HGCR6F37FA577250,43792,2016-10-23 12:42:59
762,208,556,3N1AB7AP5FY092646,240487,2017-09-12 05:26:32
763,973,710,19UYA42603A484485,430112,2015-12-23 00:09:54
764,794,517,19UUA65664A834483,36271,2017-04-05 08:08:32
765,546,496,3VW517AT7FM602207,74995,2017-03-13 09:51:59
766,735,342,WDDJK7DA8EF897914,438794,2019-04-17 07:00:06
767,9,558,1G4GB5GR7CF008961,281731,2018-02-05 11:03:51
768,936,884,WAUXL68E35A778493,312249,2016-08-09 02:55:48
769,61,814,WAUWGAFC4FN684444,364008,2017-08-06 07:56:42
770,615,504,2G61V5S86E9431271,462785,2021-02-24 19:28:45
771,945,302,JN8AF5MR7CT195773,54060,2020-11-13 20:37:52
772,834,518,5FRYD3H63GB539806,203878,2016-06-25 01:04:59
773,649,604,KM8NU4CC4AU840103,163649,2021-05-03 03:47:01
774,278,903,5N1BA0ND4FN380176,136572,2020-11-07 20:26:40
775,956,235,1GYUCFEJ9AR638204,283004,2018-04-30 21:00:52
776,888,890,4T1BK1EB9EU472566,462039,2017-05-18 14:09:31
777,491,237,WAUDGBFL3BA744681,483589,2017-03-01 13:48:18
778,660,495,5LMJJ2H59AE277899,244775,2016-01-20 07:17:40
779,929,305,3N1AB6AP9CL149742,378268,2019-06-19 19:19:37
780,171,500,WBA4A7C51FD973630,474611,2021-08-31 20:10:55
781,513,398,WBAVB735X7K473674,179807,2017-08-16 15:52:18
782,844,118,WAUHF78P29A532236,139240,2017-05-04 12:06:51
783,745,68,1G6YV36A195043979,136306,2021-11-18 19:17:06
784,227,478,JM1BL1H41A1108216,238097,2020-02-23 02:15:48
785,973,447,WA1CGBFEXED824444,144553,2015-06-14 20:57:29
786,560,862,WDDGF4HB6CR227242,444815,2021-08-18 09:24:57
787,567,219,WAULT68E12A569697,380230,2018-08-19 14:02:04
788,273,191,SAJWA4HA2EM140158,255332,2015-04-06 01:58:47
789,524,571,1G6DL67A280031727,350369,2021-03-08 22:52:21
790,932,152,5J8TB4H34DL560168,374170,2017-04-25 08:55:35
791,285,121,5TDDCRFH4ES058630,203552,2016-11-08 17:42:36
792,977,728,WBA3C3C55DF903614,30308,2018-10-12 00:09:26
793,523,799,1GYS4SKJ2FR826684,83850,2021-05-29 19:31:58
794,8,707,WBADW7C59DE183260,366950,2020-04-14 21:18:19
795,562,119,WAUAH74F36N144137,168711,2018-07-02 13:14:54
796,368,327,WBA3D3C55EF360778,143485,2020-11-04 19:23:27
797,595,295,1GYS3JEF3BR947593,273316,2017-11-23 08:59:30
798,903,37,1G6DM1E39D0212340,44684,2021-06-25 00:14:47
799,321,131,3VWKX7AJ9AM328629,313744,2018-06-30 11:01:35
800,709,667,3FADP4AJ5DM394681,199416,2018-11-08 03:56:10
801,107,181,1C4PJLAB6FW393733,60991,2018-03-24 06:11:04
802,387,411,WAUNF78P77A067016,88691,2021-11-28 07:49:27
803,345,187,1GYS4HEF3CR057411,115484,2021-02-18 06:27:47
804,899,820,1FA6P0G79F5715675,377709,2015-10-28 05:02:26
805,176,800,1FTSW3A52AE379202,212606,2017-05-26 01:57:54
806,657,195,5N1BA0ND3FN963824,191742,2017-06-29 06:08:33
807,732,698,JTDJTUD32ED844869,199929,2017-03-19 09:49:46
808,448,11,WVWBB7AJ4DW631890,372863,2019-10-12 13:14:23
809,718,770,WBAYA6C54FG398790,351310,2019-01-24 13:29:27
810,454,696,5N1AT2MKXFC685954,329289,2020-06-05 21:19:29
811,35,668,1D4PT2GK5BW583774,333856,2017-09-08 15:13:14
812,711,964,WBAKX8C51BC206081,376612,2018-01-31 22:33:21
813,515,410,1GYEC63N95R059164,318243,2016-09-12 12:56:39
814,658,51,WBABW33456P186736,141299,2018-04-24 18:20:01
815,67,209,5UXWX7C55DL963257,38363,2015-01-03 01:07:14
816,499,333,5J8TB3H51GL894805,35400,2017-10-20 04:05:35
817,717,917,1FTEW1CF3FF705906,438802,2018-10-02 21:35:39
818,411,272,1N6AA0CJ5EN075032,448231,2016-06-11 07:00:50
819,235,648,WAU2MAFC1FN077134,38563,2017-07-05 04:04:57
820,673,538,3C4PDCGB0ET483656,484000,2016-03-22 19:14:42
821,859,357,5N1AT2MK6EC010844,215112,2021-05-27 13:55:44
822,556,83,3VW517AT9FM839619,31139,2017-04-17 13:05:57
823,58,23,1N6AA0CJ9DN280478,211704,2015-11-23 03:59:01
824,730,643,JH4CL96897C172766,363667,2021-05-06 07:15:45
825,950,805,WBAPN7C56BA550474,381114,2019-07-17 18:20:56
826,780,380,WBXPC93557W807125,233702,2019-09-08 17:22:30
827,521,139,WBANE73507B236070,282829,2016-03-10 13:22:15
828,29,514,JM1BL1K53B1380589,343098,2021-06-14 16:05:40
829,122,499,5N1AT2MK7EC139935,333794,2018-01-02 19:19:16
830,214,505,WAUSF78E17A984597,419404,2016-12-12 13:47:08
831,12,42,JTDJTUD36ED779704,236789,2017-11-26 06:46:53
832,135,186,WAUPN44EX7N154898,141068,2020-01-15 09:05:22
833,910,803,SCBLC37F43C670785,275386,2018-11-11 03:48:09
834,304,460,1G6DL5ED9B0308758,362301,2017-12-30 01:08:16
835,370,31,WAUDH78EX6A436454,123943,2015-11-26 03:53:37
836,222,480,YV4902NC1F1840102,392468,2019-05-08 15:57:01
837,738,834,WBAYA6C56DD743073,157284,2018-08-05 23:51:02
838,528,753,2T1BU4EE3BC288484,425856,2016-02-16 19:12:10
839,400,953,WAUUL78E05A239886,452912,2018-11-29 15:46:17
840,903,4,JM1NC2EF6A0641645,100132,2020-07-07 09:52:58
841,84,17,3VW4A7AT8DM367776,346376,2016-05-03 08:04:01
842,311,955,WAUMGAFLXAA238502,369206,2020-01-27 18:08:58
843,178,929,3GTXCYEJ9AG128773,338357,2018-10-16 21:38:52
844,644,50,5N1AT2MK0EC497961,180563,2021-03-28 15:23:02
845,40,360,WBSBL93405P744899,117568,2021-12-09 12:05:14
846,108,522,3GYEK63N53G730216,207980,2019-02-07 13:51:00
847,79,548,JH4NA126X2T068431,277120,2021-06-23 18:26:32
848,733,828,SALME1D48CA898568,159284,2020-12-30 19:47:04
849,462,732,WAUDGBFLXAA534464,356333,2021-09-10 10:44:04
850,6,928,YV440MBD7F1848028,432411,2016-02-11 03:52:10
851,318,87,WBA3B9G51EN782569,47753,2017-01-26 09:10:22
852,891,155,WBAAW33421E318416,357812,2020-09-16 19:50:23
853,237,334,1G4HD57206U854253,317250,2016-02-28 18:06:22
854,961,626,WAUDGBFL6DA427738,295483,2015-06-14 23:27:07
855,139,289,JN1CV6AR9FM197561,196212,2018-10-22 08:52:38
856,920,498,WAUVC58E95A865817,30230,2017-02-20 18:20:08
857,300,426,1G6AF5S36D0919632,216509,2018-12-18 16:34:59
858,104,569,1FTEW1CW9AF973125,388389,2019-08-18 12:36:40
859,744,319,WAUEH54B91N651717,43269,2018-08-14 11:15:31
860,650,164,1FTEX1CV2AF364091,75486,2020-05-31 17:15:34
861,428,754,WA1VGAFP6FA235298,43876,2018-08-14 21:14:45
862,80,25,1FT7W2A62EE516556,452895,2019-03-24 11:41:36
863,32,407,WAUSF78E07A117000,417796,2021-07-14 20:34:15
864,160,94,1C4AJWAG7EL453103,332291,2019-04-23 10:47:55
865,828,959,WAUSF78E88A236916,444042,2015-01-26 18:55:03
866,835,173,1FTSW3A53AE715469,116458,2016-01-26 18:46:47
867,54,452,WAUDH78E87A057146,61746,2019-01-10 08:48:06
868,433,124,WBAUT9C59CA029481,385388,2018-04-26 07:13:49
869,570,786,1G4PR5SK7F4282506,238853,2017-05-08 04:30:37
870,694,911,3FA6P0PU7FR543763,477272,2017-11-01 18:29:05
871,122,237,5XYZT3LB7DG653423,432592,2020-03-19 10:03:17
872,218,684,3GYFNDE30CS194137,375748,2015-07-25 14:06:21
873,354,576,1G4GD5GG6AF292752,39812,2021-09-16 08:10:48
874,390,349,1GYS4LKJ6FR215823,284752,2018-04-25 03:03:25
875,477,743,WAUKGAFB1AN822889,157308,2018-10-02 06:14:24
876,144,575,1FMCU4K32AK230881,70932,2016-05-24 15:31:59
877,178,567,SAJWJ2GD2F8008852,445838,2017-06-03 19:23:32
878,684,412,5UXFE83558L982313,476632,2018-12-26 01:12:47
879,995,965,WAUMF78K89A617228,478045,2015-06-04 00:15:02
880,955,149,WA1CFAFPXEA158539,407682,2016-09-28 01:58:11
881,280,5,WBAVB13596K548439,60626,2021-12-29 15:18:59
882,589,984,1G6KS54Y92U658317,459359,2016-05-10 11:20:50
883,87,296,WAUFFAFL0EN941696,397443,2018-09-08 05:18:34
884,344,733,5NPE24AF0FH037894,282024,2015-01-24 01:28:56
885,998,886,SCFFBCBD0AG423287,461739,2020-04-14 08:42:42
886,549,454,JTDKDTB37F1118815,300144,2018-11-18 00:48:22
887,418,509,2C3CDZBT6FH076229,363226,2018-06-19 21:10:08
888,423,975,1GYS4FEJ1CR382048,283548,2021-02-12 07:29:24
889,3,166,WBANB33594B525283,252037,2015-05-22 02:09:07
890,68,717,3C3CFFER7CT768608,212917,2018-04-01 13:02:59
891,884,395,WBALM7C59EE320622,468415,2016-03-28 20:16:32
892,394,515,1GTC5MF96C8117972,317091,2016-01-28 05:45:35
893,109,268,JA32U1FU6BU878247,462277,2018-11-29 13:55:39
894,58,38,JN1CV6EK2BM569989,357410,2015-06-10 21:37:34
895,506,32,1D7RV1CP9AS566807,304470,2016-12-06 09:59:58
896,832,434,TRUUT28N541931975,450812,2017-06-14 23:09:20
897,732,892,WAUDH98E66A660221,138822,2017-08-26 04:55:12
898,83,734,1C3BC2EB4BN940303,392214,2018-06-07 01:00:48
899,812,281,JH4NA21605S002228,65602,2017-02-08 23:39:49
900,308,553,1G6AE5SX1E0282320,161720,2017-05-15 20:50:31
901,778,702,1G4CW54KX54238731,386612,2015-03-09 00:27:08
902,663,439,3D4PH1FG0BT499666,407745,2021-12-13 21:33:27
903,332,775,1HGCP2E82AA593263,153141,2017-02-13 23:20:25
904,645,503,JTJBM7FX2C5389755,355588,2015-12-07 04:31:14
905,492,456,WAULT64BX2N983758,361306,2016-07-02 12:48:46
906,937,238,1G6AK5S32D0763536,475648,2017-10-17 19:43:19
907,942,140,1C3CDZCB1DN844516,141077,2015-01-22 05:44:08
908,802,620,3C63DRHL3CG366725,46145,2018-03-29 19:56:55
909,336,712,WBA4C9C52FD874787,210660,2019-07-20 02:01:51
910,30,853,5J8TB4H58GL959168,341815,2015-06-18 17:17:52
911,137,678,WBAPT7C51AC965176,224822,2015-01-20 10:21:49
912,437,34,2G4WS52J211920642,313198,2015-12-09 01:26:00
913,459,844,1G6DD1E35E0116240,192416,2016-08-13 16:14:51
914,614,143,5NPEB4AC6CH508898,390948,2016-05-01 20:59:34
915,897,465,JTHBP5C23E5771897,429026,2020-09-26 16:48:26
916,761,881,WBA3A5C59CF891550,467551,2018-12-16 03:22:56
917,489,878,3VW507AT7FM028341,323987,2015-09-23 07:12:00
918,224,200,WA1VMAFE3CD272276,357259,2018-05-05 07:23:05
919,747,267,WBABW53486P605142,313516,2020-03-01 17:41:03
920,427,364,JH4DC53024S705828,427310,2021-07-28 06:22:42
921,678,622,WBAWV13577P171609,65364,2020-09-11 22:39:28
922,730,372,2G4GT5GR9D9704034,81740,2018-02-21 23:26:00
923,39,904,1D7RW2GK5BS284392,400002,2020-12-15 14:11:24
924,525,19,1GYFK56259R121734,55216,2017-05-08 16:55:38
925,791,253,YV426MDA1F2888026,367520,2021-03-06 07:34:35
926,204,153,JN1AZ4EHXAM263142,467213,2018-04-07 13:57:57
927,448,288,1G6D05EG6A0445318,367571,2020-07-21 22:36:51
928,646,877,1FBNE3BL0BD291631,311115,2015-01-06 15:47:45
929,600,936,5J8TB3H52GL830563,114340,2016-02-21 18:04:34
930,634,185,2FMDK4ACXAB470122,44224,2017-08-28 03:24:31
931,634,947,1G6DZ67A790835716,385853,2016-07-15 16:26:17
932,875,974,JN1BJ0HPXEM218294,497412,2021-08-18 15:40:50
933,440,290,WBA3G7C52FK949925,291982,2021-04-17 04:17:06
934,980,159,WBADT33442G786773,410536,2019-11-28 12:23:27
935,49,69,WBSWD93569P481508,83451,2018-05-06 13:00:28
936,475,681,WBA3C3G55EN409125,43607,2019-11-18 17:57:14
937,375,323,YV4952CT4D1925310,297525,2015-12-13 18:57:07
938,671,634,2FMHK6CC1AB291994,226568,2016-01-12 19:59:45
939,43,300,1GYFC16279R315865,54022,2019-02-22 19:13:45
940,359,559,WBAWR33589P943263,167720,2018-02-28 21:51:37
941,117,843,2HNYB1H43CH722678,129029,2015-05-26 04:33:42
942,113,283,YV1902FH5D1841547,128028,2021-07-14 16:54:23
943,371,856,1G6KD57Y86U335095,259127,2017-01-13 05:14:39
944,159,589,WAUFFAFM0CA132891,135589,2017-12-15 09:13:16
945,959,801,WAUDK78T99A385565,218845,2018-01-17 04:43:20
946,666,736,1G6DJ5EV6A0963232,131604,2015-01-16 08:57:02
947,536,171,WAUKG74F36N868028,90241,2021-03-17 08:03:59
948,127,543,2HKRM3H53DH648678,303470,2018-07-07 08:26:00
949,399,112,1FTEX1CM9BF375615,305335,2018-06-24 03:57:11
950,228,578,WBAFZ9C50CC757377,40949,2020-05-06 22:26:32
951,915,705,3C3CFFFH6CT128122,402751,2015-04-25 23:55:10
952,481,918,WBA3G7C52FK950234,315598,2019-10-18 21:03:12
953,984,600,1FTSW3A53AE696230,276344,2015-02-26 11:56:04
954,18,839,5FPYK1F27DB136412,226572,2019-03-09 01:54:39
955,417,524,WAUVVAFR7CA749666,324925,2017-03-28 07:35:26
956,798,49,WBAYE4C58DD117677,484929,2018-10-30 01:00:20
957,237,132,1C4AJWAG8FL279530,152079,2017-07-30 01:04:07
958,428,488,4JGDF2EE7EA749360,76886,2016-03-08 02:27:03
959,899,59,WBA6A0C53ED159848,315290,2019-07-10 17:10:27
960,193,785,2FMDK3AKXCB707566,321534,2016-05-06 04:45:00
961,259,738,5NPE24AF0FH871521,313957,2018-06-21 08:00:09
962,486,812,JM1DE1KY8D0676441,122392,2020-07-09 12:16:12
963,613,827,2HNYB1H21AH227598,305673,2020-05-03 20:21:18
964,264,762,WBADX1C53BE400258,428513,2017-05-10 23:44:33
965,902,564,WAUGL78E87A020982,435715,2018-07-16 09:23:31
966,93,425,JN1CV6EK4CM269727,443673,2019-08-03 11:33:14
967,456,321,19UYA42751A478252,480843,2015-01-07 13:45:56
968,672,763,2B3CK5CT2AH178131,322189,2020-05-09 15:49:25
969,945,739,JN8AF5MR8ET461353,379626,2015-12-31 11:51:50
970,665,746,4F2CY0C79BK139629,336363,2019-12-13 08:19:50
971,970,742,SCBLC37F14C215409,398694,2017-12-11 04:00:14
972,526,244,3N1AB6AP5BL710744,276247,2019-06-25 07:10:51
973,170,106,WAUET48H26K825840,313543,2016-09-14 23:33:28
974,923,350,SCFAB01A06G623576,317289,2018-08-13 16:38:05
975,904,479,19UUA65654A150234,340296,2021-11-25 11:30:31
976,897,416,5GAKRDKD6DJ082727,60370,2017-07-03 18:57:38
977,721,946,WBA6B4C52DD766777,403934,2017-09-12 03:49:31
978,330,424,19UUB2F39FA646893,205734,2018-03-28 17:42:27
979,316,636,WBAWC33558P471622,143937,2019-09-27 20:46:10
980,982,95,1G6KA5E69BU140028,241158,2020-12-13 20:57:13
981,335,766,YV126MFC7F1061911,480072,2020-08-15 14:19:35
982,168,190,WAUKG94F46N316274,297296,2017-05-30 07:19:19
983,822,848,WAUVT58E04A784221,143330,2019-03-02 13:06:32
984,893,394,1N4AB7AP4EN527509,181597,2018-12-18 12:26:55
985,763,375,WA1C8BFP2DA410704,250828,2015-11-14 04:31:54
986,953,772,YV1982BW3A1171697,499758,2015-04-10 00:08:58
987,104,529,JTJHY7AX6A4552285,145467,2021-08-05 03:02:16
988,781,885,WBABN33433P085791,364344,2018-09-10 09:26:44
989,898,8,4T1BD1FK7EU393244,178837,2016-04-09 16:57:31
990,248,361,5NPDH4AE6BH540048,480257,2016-03-26 10:29:25
991,44,345,5UMDU93416L103312,167594,2021-06-10 07:30:07
992,762,793,YV1672MS4B2706080,146533,2015-05-11 05:39:02
993,909,714,WAUDF78E25A438641,306493,2016-10-30 23:33:15
994,917,255,SCBFT7ZA7EC487308,145537,2016-11-18 20:58:52
995,684,346,19XFB4F33EE717407,451711,2016-07-27 00:14:08
996,398,230,3GYFNDEY3BS248072,256172,2019-11-04 15:25:43
997,360,33,WDDEJ7KB1CA797177,259487,2016-02-16 06:33:28
998,674,248,WBA3V9C50EP180473,158992,2018-06-05 05:19:05
999,359,901,WBS3C9C57FJ136377,246277,2017-09-08 07:38:45
1000,925,516,2C3CCAET2CH824115,450523,2018-09-19 21:53:25
